{"BEAAPI":{"Request":{"RequestParam":[{"ParameterName":"USERID","ParameterValue":"F4ABEB39-2D73-494C-9550-B7E9EE0799A0"},{"ParameterName":"DATASETNAME","ParameterValue":"REGIONALDATA"},{"ParameterName":"YEAR","ParameterValue":"2012"},{"ParameterName":"KEYCODE","ParameterValue":"FPI_SI"},{"ParameterName":"METHOD","ParameterValue":"GETDATA"}]},"Results":{"Statistic":"Farm income","UnitOfMeasure":"thousands of dollars","PublicTable":"SA04 State income and employment summary","UTCProductionTime":"2013-06-01T17:57:00.070","NoteRef":"2","Dimensions":[{"Ordinal":"1","Name":"GeoFips","DataType":"string","IsValue":"0"},{"Ordinal":"2","Name":"GeoName","DataType":"string","IsValue":"0"},{"Ordinal":"3","Name":"Code","DataType":"string","IsValue":"0"},{"Ordinal":"4","Name":"TimePeriod","DataType":"string","IsValue":"0"},{"Ordinal":"5","Name":"CL_UNIT","DataType":"string","IsValue":"0"},{"Ordinal":"6","Name":"UNIT_MULT","DataType":"numeric","IsValue":"0"},{"Ordinal":"7","Name":"DataValue","DataType":"numeric","IsValue":"1"}],"Data":[{"GeoFips":"00000","GeoName":"United States","Code":"FPI_SI","TimePeriod":"2012","CL_UNIT":"USD","UNIT_MULT":"3","DataValue":"97757513"},{"GeoFips":"01000","GeoName":"Alabama","Code":"FPI_SI","TimePeriod":"2012","CL_UNIT":"USD","UNIT_MULT":"3","DataValue":"491717"},{"GeoFips":"02000","GeoName":"Alaska","Code":"FPI_SI","TimePeriod":"2012","CL_UNIT":"USD","UNIT_MULT":"3","DataValue":"8991"},{"GeoFips":"04000","GeoName":"Arizona","Code":"FPI_SI","TimePeriod":"2012","CL_UNIT":"USD","UNIT_MULT":"3","DataValue":"843508"},{"GeoFips":"05000","GeoName":"Arkansas","Code":"FPI_SI","TimePeriod":"2012","CL_UNIT":"USD","UNIT_MULT":"3","DataValue":"1752184"},{"GeoFips":"06000","GeoName":"California","Code":"FPI_SI","TimePeriod":"2012","CL_UNIT":"USD","UNIT_MULT":"3","DataValue":"14944533"},{"GeoFips":"08000","GeoName":"Colorado","Code":"FPI_SI","TimePeriod":"2012","CL_UNIT":"USD","UNIT_MULT":"3","DataValue":"990372"},{"GeoFips":"09000","GeoName":"Connecticut","Code":"FPI_SI","TimePeriod":"2012","CL_UNIT":"USD","UNIT_MULT":"3","DataValue":"176719"},{"GeoFips":"10000","GeoName":"Delaware","Code":"FPI_SI","TimePeriod":"2012","CL_UNIT":"USD","UNIT_MULT":"3","DataValue":"124405"},{"GeoFips":"11000","GeoName":"District of Columbia","Code":"FPI_SI","TimePeriod":"2012","CL_UNIT":"USD","UNIT_MULT":"3","DataValue":"0"},{"GeoFips":"12000","GeoName":"Florida","Code":"FPI_SI","TimePeriod":"2012","CL_UNIT":"USD","UNIT_MULT":"3","DataValue":"2311881"},{"GeoFips":"13000","GeoName":"Georgia","Code":"FPI_SI","TimePeriod":"2012","CL_UNIT":"USD","UNIT_MULT":"3","DataValue":"2519034"},{"GeoFips":"15000","GeoName":"Hawaii","Code":"FPI_SI","TimePeriod":"2012","CL_UNIT":"USD","UNIT_MULT":"3","DataValue":"249059"},{"GeoFips":"16000","GeoName":"Idaho","Code":"FPI_SI","TimePeriod":"2012","CL_UNIT":"USD","UNIT_MULT":"3","DataValue":"2261506"},{"GeoFips":"17000","GeoName":"Illinois","Code":"FPI_SI","TimePeriod":"2012","CL_UNIT":"USD","UNIT_MULT":"3","DataValue":"3958622"},{"GeoFips":"18000","GeoName":"Indiana","Code":"FPI_SI","TimePeriod":"2012","CL_UNIT":"USD","UNIT_MULT":"3","DataValue":"2292990"},{"GeoFips":"19000","GeoName":"Iowa","Code":"FPI_SI","TimePeriod":"2012","CL_UNIT":"USD","UNIT_MULT":"3","DataValue":"7898676"},{"GeoFips":"20000","GeoName":"Kansas","Code":"FPI_SI","TimePeriod":"2012","CL_UNIT":"USD","UNIT_MULT":"3","DataValue":"2627307"},{"GeoFips":"21000","GeoName":"Kentucky","Code":"FPI_SI","TimePeriod":"2012","CL_UNIT":"USD","UNIT_MULT":"3","DataValue":"959227"},{"GeoFips":"22000","GeoName":"Louisiana","Code":"FPI_SI","TimePeriod":"2012","CL_UNIT":"USD","UNIT_MULT":"3","DataValue":"1413134"},{"GeoFips":"23000","GeoName":"Maine","Code":"FPI_SI","TimePeriod":"2012","CL_UNIT":"USD","UNIT_MULT":"3","DataValue":"202862"},{"GeoFips":"24000","GeoName":"Maryland","Code":"FPI_SI","TimePeriod":"2012","CL_UNIT":"USD","UNIT_MULT":"3","DataValue":"484207"},{"GeoFips":"25000","GeoName":"Massachusetts","Code":"FPI_SI","TimePeriod":"2012","CL_UNIT":"USD","UNIT_MULT":"3","DataValue":"138093"},{"GeoFips":"26000","GeoName":"Michigan","Code":"FPI_SI","TimePeriod":"2012","CL_UNIT":"USD","UNIT_MULT":"3","DataValue":"2655360"},{"GeoFips":"27000","GeoName":"Minnesota","Code":"FPI_SI","TimePeriod":"2012","CL_UNIT":"USD","UNIT_MULT":"3","DataValue":"6111351"},{"GeoFips":"28000","GeoName":"Mississippi","Code":"FPI_SI","TimePeriod":"2012","CL_UNIT":"USD","UNIT_MULT":"3","DataValue":"1777796"},{"GeoFips":"29000","GeoName":"Missouri","Code":"FPI_SI","TimePeriod":"2012","CL_UNIT":"USD","UNIT_MULT":"3","DataValue":"1594549"},{"GeoFips":"30000","GeoName":"Montana","Code":"FPI_SI","TimePeriod":"2012","CL_UNIT":"USD","UNIT_MULT":"3","DataValue":"731575"},{"GeoFips":"31000","GeoName":"Nebraska","Code":"FPI_SI","TimePeriod":"2012","CL_UNIT":"USD","UNIT_MULT":"3","DataValue":"4831832"},{"GeoFips":"32000","GeoName":"Nevada","Code":"FPI_SI","TimePeriod":"2012","CL_UNIT":"USD","UNIT_MULT":"3","DataValue":"173058"},{"GeoFips":"33000","GeoName":"New Hampshire","Code":"FPI_SI","TimePeriod":"2012","CL_UNIT":"USD","UNIT_MULT":"3","DataValue":"27802"},{"GeoFips":"34000","GeoName":"New Jersey","Code":"FPI_SI","TimePeriod":"2012","CL_UNIT":"USD","UNIT_MULT":"3","DataValue":"372824"},{"GeoFips":"35000","GeoName":"New Mexico","Code":"FPI_SI","TimePeriod":"2012","CL_UNIT":"USD","UNIT_MULT":"3","DataValue":"1349310"},{"GeoFips":"36000","GeoName":"New York","Code":"FPI_SI","TimePeriod":"2012","CL_UNIT":"USD","UNIT_MULT":"3","DataValue":"1542691"},{"GeoFips":"37000","GeoName":"North Carolina","Code":"FPI_SI","TimePeriod":"2012","CL_UNIT":"USD","UNIT_MULT":"3","DataValue":"2519439"},{"GeoFips":"38000","GeoName":"North Dakota","Code":"FPI_SI","TimePeriod":"2012","CL_UNIT":"USD","UNIT_MULT":"3","DataValue":"3632377"},{"GeoFips":"39000","GeoName":"Ohio","Code":"FPI_SI","TimePeriod":"2012","CL_UNIT":"USD","UNIT_MULT":"3","DataValue":"2850580"},{"GeoFips":"40000","GeoName":"Oklahoma","Code":"FPI_SI","TimePeriod":"2012","CL_UNIT":"USD","UNIT_MULT":"3","DataValue":"1423467"},{"GeoFips":"41000","GeoName":"Oregon","Code":"FPI_SI","TimePeriod":"2012","CL_UNIT":"USD","UNIT_MULT":"3","DataValue":"1325889"},{"GeoFips":"42000","GeoName":"Pennsylvania","Code":"FPI_SI","TimePeriod":"2012","CL_UNIT":"USD","UNIT_MULT":"3","DataValue":"1734101"},{"GeoFips":"44000","GeoName":"Rhode Island","Code":"FPI_SI","TimePeriod":"2012","CL_UNIT":"USD","UNIT_MULT":"3","DataValue":"16048"},{"GeoFips":"45000","GeoName":"South Carolina","Code":"FPI_SI","TimePeriod":"2012","CL_UNIT":"USD","UNIT_MULT":"3","DataValue":"336234"},{"GeoFips":"46000","GeoName":"South Dakota","Code":"FPI_SI","TimePeriod":"2012","CL_UNIT":"USD","UNIT_MULT":"3","DataValue":"3510998"},{"GeoFips":"47000","GeoName":"Tennessee","Code":"FPI_SI","TimePeriod":"2012","CL_UNIT":"USD","UNIT_MULT":"3","DataValue":"515676"},{"GeoFips":"48000","GeoName":"Texas","Code":"FPI_SI","TimePeriod":"2012","CL_UNIT":"USD","UNIT_MULT":"3","DataValue":"5202488"},{"GeoFips":"49000","GeoName":"Utah","Code":"FPI_SI","TimePeriod":"2012","CL_UNIT":"USD","UNIT_MULT":"3","DataValue":"216766"},{"GeoFips":"50000","GeoName":"Vermont","Code":"FPI_SI","TimePeriod":"2012","CL_UNIT":"USD","UNIT_MULT":"3","DataValue":"201229"},{"GeoFips":"51000","GeoName":"Virginia","Code":"FPI_SI","TimePeriod":"2012","CL_UNIT":"USD","UNIT_MULT":"3","DataValue":"583195"},{"GeoFips":"53000","GeoName":"Washington","Code":"FPI_SI","TimePeriod":"2012","CL_UNIT":"USD","UNIT_MULT":"3","DataValue":"3023418"},{"GeoFips":"54000","GeoName":"West Virginia","Code":"FPI_SI","TimePeriod":"2012","CL_UNIT":"USD","UNIT_MULT":"3","DataValue":"-73396"},{"GeoFips":"55000","GeoName":"Wisconsin","Code":"FPI_SI","TimePeriod":"2012","CL_UNIT":"USD","UNIT_MULT":"3","DataValue":"2716101"},{"GeoFips":"56000","GeoName":"Wyoming","Code":"FPI_SI","TimePeriod":"2012","CL_UNIT":"USD","UNIT_MULT":"3","DataValue":"205728"},{"GeoFips":"91000","GeoName":"New England","Code":"FPI_SI","TimePeriod":"2012","CL_UNIT":"USD","UNIT_MULT":"3","DataValue":"762753"},{"GeoFips":"92000","GeoName":"Mideast","Code":"FPI_SI","TimePeriod":"2012","CL_UNIT":"USD","UNIT_MULT":"3","DataValue":"4258228"},{"GeoFips":"93000","GeoName":"Great Lakes","Code":"FPI_SI","TimePeriod":"2012","CL_UNIT":"USD","UNIT_MULT":"3","DataValue":"14473653"},{"GeoFips":"94000","GeoName":"Plains","Code":"FPI_SI","TimePeriod":"2012","CL_UNIT":"USD","UNIT_MULT":"3","DataValue":"30207090"},{"GeoFips":"95000","GeoName":"Southeast","Code":"FPI_SI","TimePeriod":"2012","CL_UNIT":"USD","UNIT_MULT":"3","DataValue":"15106121"},{"GeoFips":"96000","GeoName":"Southwest","Code":"FPI_SI","TimePeriod":"2012","CL_UNIT":"USD","UNIT_MULT":"3","DataValue":"8818773"},{"GeoFips":"97000","GeoName":"Rocky Mountain","Code":"FPI_SI","TimePeriod":"2012","CL_UNIT":"USD","UNIT_MULT":"3","DataValue":"4405947"},{"GeoFips":"98000","GeoName":"Far West","Code":"FPI_SI","TimePeriod":"2012","CL_UNIT":"USD","UNIT_MULT":"3","DataValue":"19724948"}],"Notes":[{"NoteRef":"2","NoteText":"Farm income is farm earnings less farm employer contributions for government social insurance."},{"NoteRef":"Note--","NoteText":"All dollar estimates are in current dollars (not adjusted for inflation)."},{"NoteRef":" ","NoteText":"Last updated: March 27, 2013; new estimates for 2012."}]}}}