{"BEAAPI":{"Request":{"RequestParam":[{"ParameterName":"METHOD","ParameterValue":"GETDATA"},{"ParameterName":"DATASETNAME","ParameterValue":"REGIONALDATA"},{"ParameterName":"KEYCODE","ParameterValue":"NFPI_SI"},{"ParameterName":"USERID","ParameterValue":"F4ABEB39-2D73-494C-9550-B7E9EE0799A0"},{"ParameterName":"YEAR","ParameterValue":"2012"}]},"Results":{"Statistic":"Nonfarm personal income","UnitOfMeasure":"thousands of dollars","PublicTable":"SA04 State income and employment summary","UTCProductionTime":"2013-06-01T17:57:10.557","NoteRef":"1","Dimensions":[{"Ordinal":"1","Name":"GeoFips","DataType":"string","IsValue":"0"},{"Ordinal":"2","Name":"GeoName","DataType":"string","IsValue":"0"},{"Ordinal":"3","Name":"Code","DataType":"string","IsValue":"0"},{"Ordinal":"4","Name":"TimePeriod","DataType":"string","IsValue":"0"},{"Ordinal":"5","Name":"CL_UNIT","DataType":"string","IsValue":"0"},{"Ordinal":"6","Name":"UNIT_MULT","DataType":"numeric","IsValue":"0"},{"Ordinal":"7","Name":"DataValue","DataType":"numeric","IsValue":"1"}],"Data":[{"GeoFips":"00000","GeoName":"United States","Code":"NFPI_SI","TimePeriod":"2012","CL_UNIT":"USD","UNIT_MULT":"3","DataValue":"13304111180"},{"GeoFips":"01000","GeoName":"Alabama","Code":"NFPI_SI","TimePeriod":"2012","CL_UNIT":"USD","UNIT_MULT":"3","DataValue":"171291192"},{"GeoFips":"02000","GeoName":"Alaska","Code":"NFPI_SI","TimePeriod":"2012","CL_UNIT":"USD","UNIT_MULT":"3","DataValue":"34206572"},{"GeoFips":"04000","GeoName":"Arizona","Code":"NFPI_SI","TimePeriod":"2012","CL_UNIT":"USD","UNIT_MULT":"3","DataValue":"234937231"},{"GeoFips":"05000","GeoName":"Arkansas","Code":"NFPI_SI","TimePeriod":"2012","CL_UNIT":"USD","UNIT_MULT":"3","DataValue":"100650390"},{"GeoFips":"06000","GeoName":"California","Code":"NFPI_SI","TimePeriod":"2012","CL_UNIT":"USD","UNIT_MULT":"3","DataValue":"1696165786"},{"GeoFips":"08000","GeoName":"Colorado","Code":"NFPI_SI","TimePeriod":"2012","CL_UNIT":"USD","UNIT_MULT":"3","DataValue":"233151958"},{"GeoFips":"09000","GeoName":"Connecticut","Code":"NFPI_SI","TimePeriod":"2012","CL_UNIT":"USD","UNIT_MULT":"3","DataValue":"211323112"},{"GeoFips":"10000","GeoName":"Delaware","Code":"NFPI_SI","TimePeriod":"2012","CL_UNIT":"USD","UNIT_MULT":"3","DataValue":"38338257"},{"GeoFips":"11000","GeoName":"District of Columbia","Code":"NFPI_SI","TimePeriod":"2012","CL_UNIT":"USD","UNIT_MULT":"3","DataValue":"47240557"},{"GeoFips":"12000","GeoName":"Florida","Code":"NFPI_SI","TimePeriod":"2012","CL_UNIT":"USD","UNIT_MULT":"3","DataValue":"777026934"},{"GeoFips":"13000","GeoName":"Georgia","Code":"NFPI_SI","TimePeriod":"2012","CL_UNIT":"USD","UNIT_MULT":"3","DataValue":"363221155"},{"GeoFips":"15000","GeoName":"Hawaii","Code":"NFPI_SI","TimePeriod":"2012","CL_UNIT":"USD","UNIT_MULT":"3","DataValue":"61045744"},{"GeoFips":"16000","GeoName":"Idaho","Code":"NFPI_SI","TimePeriod":"2012","CL_UNIT":"USD","UNIT_MULT":"3","DataValue":"51592210"},{"GeoFips":"17000","GeoName":"Illinois","Code":"NFPI_SI","TimePeriod":"2012","CL_UNIT":"USD","UNIT_MULT":"3","DataValue":"573049866"},{"GeoFips":"18000","GeoName":"Indiana","Code":"NFPI_SI","TimePeriod":"2012","CL_UNIT":"USD","UNIT_MULT":"3","DataValue":"238949531"},{"GeoFips":"19000","GeoName":"Iowa","Code":"NFPI_SI","TimePeriod":"2012","CL_UNIT":"USD","UNIT_MULT":"3","DataValue":"121604581"},{"GeoFips":"20000","GeoName":"Kansas","Code":"NFPI_SI","TimePeriod":"2012","CL_UNIT":"USD","UNIT_MULT":"3","DataValue":"118104976"},{"GeoFips":"21000","GeoName":"Kentucky","Code":"NFPI_SI","TimePeriod":"2012","CL_UNIT":"USD","UNIT_MULT":"3","DataValue":"152535553"},{"GeoFips":"22000","GeoName":"Louisiana","Code":"NFPI_SI","TimePeriod":"2012","CL_UNIT":"USD","UNIT_MULT":"3","DataValue":"179959457"},{"GeoFips":"23000","GeoName":"Maine","Code":"NFPI_SI","TimePeriod":"2012","CL_UNIT":"USD","UNIT_MULT":"3","DataValue":"52274703"},{"GeoFips":"24000","GeoName":"Maryland","Code":"NFPI_SI","TimePeriod":"2012","CL_UNIT":"USD","UNIT_MULT":"3","DataValue":"305342567"},{"GeoFips":"25000","GeoName":"Massachusetts","Code":"NFPI_SI","TimePeriod":"2012","CL_UNIT":"USD","UNIT_MULT":"3","DataValue":"363321252"},{"GeoFips":"26000","GeoName":"Michigan","Code":"NFPI_SI","TimePeriod":"2012","CL_UNIT":"USD","UNIT_MULT":"3","DataValue":"367943195"},{"GeoFips":"27000","GeoName":"Minnesota","Code":"NFPI_SI","TimePeriod":"2012","CL_UNIT":"USD","UNIT_MULT":"3","DataValue":"242552056"},{"GeoFips":"28000","GeoName":"Mississippi","Code":"NFPI_SI","TimePeriod":"2012","CL_UNIT":"USD","UNIT_MULT":"3","DataValue":"96943912"},{"GeoFips":"29000","GeoName":"Missouri","Code":"NFPI_SI","TimePeriod":"2012","CL_UNIT":"USD","UNIT_MULT":"3","DataValue":"233559130"},{"GeoFips":"30000","GeoName":"Montana","Code":"NFPI_SI","TimePeriod":"2012","CL_UNIT":"USD","UNIT_MULT":"3","DataValue":"36830366"},{"GeoFips":"31000","GeoName":"Nebraska","Code":"NFPI_SI","TimePeriod":"2012","CL_UNIT":"USD","UNIT_MULT":"3","DataValue":"75220582"},{"GeoFips":"32000","GeoName":"Nevada","Code":"NFPI_SI","TimePeriod":"2012","CL_UNIT":"USD","UNIT_MULT":"3","DataValue":"102903252"},{"GeoFips":"33000","GeoName":"New Hampshire","Code":"NFPI_SI","TimePeriod":"2012","CL_UNIT":"USD","UNIT_MULT":"3","DataValue":"62122434"},{"GeoFips":"34000","GeoName":"New Jersey","Code":"NFPI_SI","TimePeriod":"2012","CL_UNIT":"USD","UNIT_MULT":"3","DataValue":"475020268"},{"GeoFips":"35000","GeoName":"New Mexico","Code":"NFPI_SI","TimePeriod":"2012","CL_UNIT":"USD","UNIT_MULT":"3","DataValue":"71809850"},{"GeoFips":"36000","GeoName":"New York","Code":"NFPI_SI","TimePeriod":"2012","CL_UNIT":"USD","UNIT_MULT":"3","DataValue":"1017971371"},{"GeoFips":"37000","GeoName":"North Carolina","Code":"NFPI_SI","TimePeriod":"2012","CL_UNIT":"USD","UNIT_MULT":"3","DataValue":"358781866"},{"GeoFips":"38000","GeoName":"North Dakota","Code":"NFPI_SI","TimePeriod":"2012","CL_UNIT":"USD","UNIT_MULT":"3","DataValue":"32673443"},{"GeoFips":"39000","GeoName":"Ohio","Code":"NFPI_SI","TimePeriod":"2012","CL_UNIT":"USD","UNIT_MULT":"3","DataValue":"450705694"},{"GeoFips":"40000","GeoName":"Oklahoma","Code":"NFPI_SI","TimePeriod":"2012","CL_UNIT":"USD","UNIT_MULT":"3","DataValue":"147375526"},{"GeoFips":"41000","GeoName":"Oregon","Code":"NFPI_SI","TimePeriod":"2012","CL_UNIT":"USD","UNIT_MULT":"3","DataValue":"149915240"},{"GeoFips":"42000","GeoName":"Pennsylvania","Code":"NFPI_SI","TimePeriod":"2012","CL_UNIT":"USD","UNIT_MULT":"3","DataValue":"554958286"},{"GeoFips":"44000","GeoName":"Rhode Island","Code":"NFPI_SI","TimePeriod":"2012","CL_UNIT":"USD","UNIT_MULT":"3","DataValue":"47237043"},{"GeoFips":"45000","GeoName":"South Carolina","Code":"NFPI_SI","TimePeriod":"2012","CL_UNIT":"USD","UNIT_MULT":"3","DataValue":"161527496"},{"GeoFips":"46000","GeoName":"South Dakota","Code":"NFPI_SI","TimePeriod":"2012","CL_UNIT":"USD","UNIT_MULT":"3","DataValue":"32872705"},{"GeoFips":"47000","GeoName":"Tennessee","Code":"NFPI_SI","TimePeriod":"2012","CL_UNIT":"USD","UNIT_MULT":"3","DataValue":"242740810"},{"GeoFips":"48000","GeoName":"Texas","Code":"NFPI_SI","TimePeriod":"2012","CL_UNIT":"USD","UNIT_MULT":"3","DataValue":"1075507161"},{"GeoFips":"49000","GeoName":"Utah","Code":"NFPI_SI","TimePeriod":"2012","CL_UNIT":"USD","UNIT_MULT":"3","DataValue":"98580402"},{"GeoFips":"50000","GeoName":"Vermont","Code":"NFPI_SI","TimePeriod":"2012","CL_UNIT":"USD","UNIT_MULT":"3","DataValue":"26713404"},{"GeoFips":"51000","GeoName":"Virginia","Code":"NFPI_SI","TimePeriod":"2012","CL_UNIT":"USD","UNIT_MULT":"3","DataValue":"384820648"},{"GeoFips":"53000","GeoName":"Washington","Code":"NFPI_SI","TimePeriod":"2012","CL_UNIT":"USD","UNIT_MULT":"3","DataValue":"310188617"},{"GeoFips":"54000","GeoName":"West Virginia","Code":"NFPI_SI","TimePeriod":"2012","CL_UNIT":"USD","UNIT_MULT":"3","DataValue":"64041856"},{"GeoFips":"55000","GeoName":"Wisconsin","Code":"NFPI_SI","TimePeriod":"2012","CL_UNIT":"USD","UNIT_MULT":"3","DataValue":"229413004"},{"GeoFips":"56000","GeoName":"Wyoming","Code":"NFPI_SI","TimePeriod":"2012","CL_UNIT":"USD","UNIT_MULT":"3","DataValue":"27847979"},{"GeoFips":"91000","GeoName":"New England","Code":"NFPI_SI","TimePeriod":"2012","CL_UNIT":"USD","UNIT_MULT":"3","DataValue":"762991948"},{"GeoFips":"92000","GeoName":"Mideast","Code":"NFPI_SI","TimePeriod":"2012","CL_UNIT":"USD","UNIT_MULT":"3","DataValue":"2438871306"},{"GeoFips":"93000","GeoName":"Great Lakes","Code":"NFPI_SI","TimePeriod":"2012","CL_UNIT":"USD","UNIT_MULT":"3","DataValue":"1860061290"},{"GeoFips":"94000","GeoName":"Plains","Code":"NFPI_SI","TimePeriod":"2012","CL_UNIT":"USD","UNIT_MULT":"3","DataValue":"856587473"},{"GeoFips":"95000","GeoName":"Southeast","Code":"NFPI_SI","TimePeriod":"2012","CL_UNIT":"USD","UNIT_MULT":"3","DataValue":"3053541269"},{"GeoFips":"96000","GeoName":"Southwest","Code":"NFPI_SI","TimePeriod":"2012","CL_UNIT":"USD","UNIT_MULT":"3","DataValue":"1529629768"},{"GeoFips":"97000","GeoName":"Rocky Mountain","Code":"NFPI_SI","TimePeriod":"2012","CL_UNIT":"USD","UNIT_MULT":"3","DataValue":"448002915"},{"GeoFips":"98000","GeoName":"Far West","Code":"NFPI_SI","TimePeriod":"2012","CL_UNIT":"USD","UNIT_MULT":"3","DataValue":"2354425211"}],"Notes":[{"NoteRef":"1","NoteText":"Nonfarm personal income is total personal income less farm income."},{"NoteRef":"Note--","NoteText":"All dollar estimates are in current dollars (not adjusted for inflation)."},{"NoteRef":" ","NoteText":"Last updated: March 27, 2013; new estimates for 2012."}]}}}