id	rate
01000	34880
01001	32657
01003	38024
01005	26807
01007	24180
01009	27220
01011	23188
01013	28562
01015	31758
01017	28994
01019	26869
01021	28844
01023	30050
01025	30810
01027	26288
01029	28916
01031	36653
01033	31743
01035	28222
01037	23678
01039	29399
01041	30217
01043	30616
01045	30393
01047	28615
01049	25586
01051	33975
01053	28227
01055	31844
01057	26884
01059	26457
01061	30047
01063	31678
01065	30458
01067	31888
01069	36330
01071	30591
01073	44074
01075	27430
01077	32211
01079	29144
01081	29208
01083	34250
01085	32176
01087	27644
01089	41601
01091	33467
01093	26237
01095	30543
01097	32779
01099	28245
01101	38414
01103	32904
01105	28941
01107	28910
01109	34269
01111	26263
01113	31920
01115	32240
01117	44734
01119	25680
01121	30820
01123	30899
01125	34724
01127	33167
01129	28477
01131	25996
01133	25982
02000	45665
02013	27980
02016	31845
02020	50958
02050	32108
02060	49727
02068	60191
02070	40046
02090	42626
02100	68517
02105	39307
02110	48242
02122	41772
02130	51631
02150	43951
02164	37023
02170	41905
02180	35160
02185	48447
02188	34720
02195	48203
02198	30954
02220	44044
02230	60683
02240	44716
02261	45289
02270	21992
02275	35250
02282	41766
02290	37259
04000	35062
04001	25813
04003	35738
04005	34353
04007	31846
04009	25215
04011	31333
04012	29053
04013	38071
04015	26145
04017	25554
04019	34961
04021	24287
04023	25037
04025	29490
04027	27091
05000	33740
05001	40173
05003	34789
05005	32335
05007	36744
05009	30524
05011	30467
05013	28356
05015	27121
05017	32320
05019	30386
05021	30639
05023	34924
05025	32051
05027	33253
05029	33021
05031	32588
05033	27699
05035	31850
05037	30939
05039	30035
05041	33101
05043	31086
05045	33255
05047	30593
05049	26723
05051	35355
05053	32601
05055	28709
05057	29075
05059	27724
05061	27810
05063	31088
05065	26469
05067	31055
05069	31627
05071	24551
05073	27125
05075	27323
05077	30642
05079	25991
05081	30182
05083	26773
05085	32972
05087	21921
05089	26684
05091	33539
05093	32741
05095	31733
05097	24211
05099	29912
05101	26127
05103	31006
05105	32041
05107	31314
05109	28651
05111	30350
05113	24263
05115	29007
05117	31744
05119	43938
05121	27362
05123	26373
05125	39040
05127	23116
05129	25926
05131	37052
05133	22926
05135	25214
05137	25411
05139	42335
05141	29457
05143	33220
05145	29624
05147	31375
05149	26772
06000	43647
06001	49617
06003	49274
06005	35689
06007	33356
06009	35828
06011	46741
06013	57011
06015	27220
06017	49967
06019	31542
06021	36796
06023	33308
06025	28351
06027	37905
06029	31400
06031	29407
06033	33375
06035	28855
06037	42564
06039	28631
06041	85761
06043	34103
06045	36211
06047	28497
06049	36148
06051	41370
06053	41138
06055	51253
06057	44313
06059	50440
06061	48476
06063	39339
06065	29927
06067	38202
06069	35029
06071	29998
06073	46800
06075	74349
06077	31013
06079	40322
06081	69577
06083	45219
06085	61833
06087	48883
06089	35466
06091	36307
06093	33928
06095	38078
06097	45331
06099	32115
06101	33908
06103	27592
06105	30389
06107	29640
06109	36680
06111	45855
06113	36896
06115	30437
08000	44053
08001	33061
08003	33402
08005	48989
08007	31536
08009	44860
08011	23827
08013	51893
08014	40892
08015	32246
08017	57591
08019	55335
08021	25638
08023	27127
08025	16752
08027	34793
08029	31307
08031	54537
08033	29250
08035	71463
08037	48618
08039	44606
08041	39909
08043	27440
08045	37858
08047	43444
08049	38504
08051	34293
08053	41284
08055	31380
08057	44604
08059	45179
08061	43447
08063	39383
08065	29274
08067	43453
08069	39767
08071	31961
08073	31153
08075	34725
08077	35169
08079	45243
08081	40945
08083	34015
08085	30933
08087	33489
08089	31370
08091	41898
08093	33936
08095	40055
08097	79086
08099	33985
08101	31760
08103	40792
08105	34051
08107	51628
08109	24820
08111	29854
08113	47742
08115	50745
08117	46627
08119	42297
08121	41158
08123	29986
08125	42572
09000	57902
09001	78504
09003	53974
09005	53139
09007	54198
09009	49478
09011	47452
09013	46624
09015	39141
10000	41449
10001	33302
10003	46315
10005	34988
11000	73783
11001	73783
12000	39636
12001	35816
12003	25426
12005	37068
12007	29059
12009	38028
12011	42768
12013	22318
12015	35161
12017	32675
12019	33476
12021	59264
12023	28209
12027	24574
12029	20728
12031	39858
12033	36047
12035	33170
12037	29147
12039	27778
12041	30828
12043	23725
12045	26029
12047	20005
12049	24898
12051	28285
12053	30729
12055	29809
12057	39180
12059	26324
12061	50977
12063	29033
12065	28954
12067	19121
12069	33846
12071	43022
12073	36823
12075	27231
12077	24211
12079	24853
12081	40678
12083	32709
12085	52798
12086	37834
12087	58941
12089	46099
12091	43132
12093	25831
12095	35990
12097	27171
12099	53500
12101	32102
12103	44622
12105	33447
12107	27644
12109	51677
12111	30768
12113	36141
12115	53769
12117	40914
12119	27824
12121	27988
12123	27011
12125	19049
12127	33436
12129	29157
12131	33403
12133	24660
13000	35979
13001	26781
13003	22165
13005	24861
13007	39650
13009	28533
13011	27985
13013	30556
13015	27762
13017	26606
13019	28286
13021	35676
13023	29787
13025	22900
13027	31531
13029	40085
13031	24335
13033	28549
13035	25336
13037	22287
13039	32058
13043	25082
13045	28964
13047	29685
13049	18523
13051	41480
13053	34166
13055	23576
13057	36898
13059	25587
13061	29996
13063	26755
13065	25834
13067	45923
13069	25110
13071	27196
13073	42717
13075	24944
13077	33842
13079	31327
13081	26565
13083	26906
13085	32395
13087	28718
13089	40262
13091	23183
13093	20384
13095	28689
13097	29761
13099	35966
13101	23181
13103	34485
13105	28713
13107	26434
13109	27657
13111	28759
13113	44460
13115	33159
13117	41354
13119	28956
13121	57451
13123	27624
13125	22659
13127	36619
13129	26382
13131	27801
13133	38429
13135	32861
13137	27075
13139	32001
13141	21059
13143	28347
13145	49114
13147	26552
13149	26289
13151	30143
13153	34674
13155	28454
13157	30048
13159	29818
13161	24979
13163	26509
13165	25016
13167	20901
13169	34168
13171	26630
13173	25434
13175	29622
13177	41198
13179	27940
13181	29093
13183	21473
13185	30938
13187	27573
13189	31174
13191	23235
13193	22530
13195	29317
13197	26821
13199	27952
13201	33685
13205	26493
13207	39397
13209	26251
13211	35966
13213	25177
13215	39611
13217	25830
13219	53361
13221	30618
13223	36485
13225	29801
13227	36407
13229	28147
13231	30608
13233	26456
13235	26252
13237	32005
13239	25757
13241	30324
13243	28495
13245	30320
13247	31840
13249	20566
13251	29475
13253	35865
13255	28305
13257	30553
13259	23862
13261	28685
13263	26273
13265	28126
13267	24181
13269	25979
13271	17385
13273	32048
13275	35687
13277	29585
13279	30934
13281	35378
13283	24686
13285	32410
13287	29305
13289	32267
13291	31281
13293	27346
13295	27250
13297	34236
13299	26878
13301	27425
13303	28950
13305	29118
13307	24574
13309	17340
13311	25757
13313	28044
13315	25300
13317	28866
13319	28592
13321	31944
15000	42925
15001	31749
15003	46624
15007	36520
15901	36272
16000	32881
16001	39734
16003	28140
16005	28818
16007	30138
16009	31906
16011	27500
16013	59465
16015	36633
16017	31433
16019	34989
16021	26714
16023	35305
16025	38661
16027	23575
16029	33809
16031	34515
16033	54591
16035	30493
16037	34186
16039	35173
16041	27265
16043	24545
16045	26895
16047	41179
16049	27827
16051	27612
16053	31543
16055	32923
16057	31809
16059	30733
16061	43570
16063	30533
16065	19184
16067	31486
16069	36109
16071	28032
16073	31541
16075	28869
16077	30936
16079	33097
16081	25705
16083	32134
16085	35942
16087	27605
17000	43721
17001	38345
17003	26943
17005	34642
17007	33252
17009	28616
17011	37663
17013	33613
17015	35880
17017	33988
17019	35815
17021	38569
17023	35428
17025	33079
17027	39241
17029	32876
17031	46937
17033	37989
17035	35900
17037	31612
17039	39064
17041	39610
17043	54509
17045	35098
17047	31552
17049	37882
17051	28478
17053	44484
17055	29656
17057	33723
17059	37066
17061	31573
17063	34829
17065	34674
17067	35155
17069	28982
17071	36872
17073	37404
17075	39189
17077	33213
17079	35451
17081	33546
17083	38503
17085	42456
17087	25920
17089	37293
17091	33171
17093	38151
17095	33471
17097	55656
17099	37237
17101	28625
17103	34815
17105	42417
17107	35094
17109	32538
17111	40811
17113	41816
17115	40591
17117	36510
17119	38133
17121	33356
17123	41192
17125	38136
17127	31843
17129	41543
17131	40639
17133	44712
17135	32821
17137	33922
17139	37363
17141	35741
17143	45375
17145	26540
17147	48481
17149	32959
17151	27582
17153	32688
17155	39408
17157	29682
17159	31293
17161	39132
17163	36680
17165	33214
17167	43261
17169	35565
17171	35634
17173	35486
17175	41870
17177	36980
17179	41909
17181	31273
17183	32619
17185	34751
17187	35144
17189	39530
17191	33827
17193	37977
17195	37306
17197	42459
17199	33674
17201	34377
17203	42811
18000	35689
18001	29566
18003	35199
18005	39645
18007	40109
18009	30489
18011	52975
18013	35863
18015	33062
18017	31648
18019	33898
18021	30977
18023	32076
18025	27820
18027	32989
18029	35376
18031	34354
18033	31863
18035	30164
18037	40718
18039	32131
18041	28590
18043	40219
18045	33382
18047	36561
18049	31284
18051	35066
18053	32141
18055	31059
18057	51824
18059	43714
18061	32122
18063	36188
18065	29214
18067	32267
18069	32225
18071	32941
18073	36012
18075	30862
18077	29872
18079	31435
18081	36570
18083	36312
18085	37541
18087	23897
18089	34847
18091	31650
18093	31205
18095	30421
18097	38309
18099	32137
18101	33378
18103	27000
18105	31021
18107	33045
18109	37634
18111	33054
18113	30378
18115	36241
18117	30007
18119	30009
18121	28182
18123	30253
18125	31525
18127	42999
18129	40731
18131	35071
18133	31817
18135	32773
18137	30055
18139	37175
18141	36289
18143	28041
18145	35376
18147	33906
18149	27844
18151	31284
18153	29175
18155	28435
18157	31172
18159	37631
18161	33458
18163	38608
18165	33665
18167	31666
18169	33469
18171	35958
18173	41726
18175	29544
18177	30909
18179	34321
18181	34982
18183	33958
19000	41156
19001	40325
19003	43553
19005	35588
19007	29636
19009	52562
19011	42432
19013	37461
19015	40920
19017	43157
19019	39192
19021	41466
19023	45534
19025	48966
19027	45157
19029	43471
19031	43351
19033	41225
19035	45252
19037	43446
19039	32255
19041	44683
19043	38662
19045	39340
19047	42843
19049	47740
19051	27254
19053	27009
19055	41861
19057	38869
19059	45680
19061	38886
19063	39635
19065	37074
19067	38187
19069	50311
19071	43581
19073	46956
19075	49783
19077	41971
19079	45945
19081	43929
19083	45878
19085	41885
19087	32561
19089	40392
19091	45462
19093	52555
19095	40554
19097	36099
19099	34457
19101	33544
19103	41349
19105	33518
19107	39175
19109	52330
19111	32827
19113	43378
19115	35508
19117	30301
19119	48644
19121	37816
19123	36013
19125	34823
19127	36420
19129	44674
19131	45802
19133	41972
19135	35680
19137	37834
19139	38104
19141	47412
19143	47738
19145	32716
19147	47327
19149	47144
19151	51676
19153	45336
19155	36640
19157	41359
19159	32397
19161	50675
19163	46372
19165	48595
19167	42297
19169	37429
19171	38615
19173	42430
19175	35339
19177	30057
19179	32297
19181	40496
19183	40837
19185	31029
19187	39467
19189	37507
19191	39471
19193	34726
19195	39521
19197	50104
20000	40883
20001	34790
20003	33439
20005	31499
20007	42528
20009	38785
20011	30693
20013	41002
20015	37697
20017	51481
20019	35669
20021	34084
20023	42519
20025	35455
20027	44657
20029	35515
20031	46517
20033	36405
20035	32982
20037	29542
20039	48685
20041	37910
20043	32364
20045	33379
20047	55574
20049	34099
20051	41552
20053	35125
20055	33417
20057	32309
20059	33885
20061	41409
20063	47676
20065	57090
20067	38787
20069	47114
20071	63499
20073	34437
20075	43240
20077	46355
20079	38254
20081	62019
20083	41348
20085	35661
20087	34779
20089	49412
20091	56550
20093	36346
20095	43017
20097	43801
20099	35029
20101	40053
20103	34360
20105	43313
20107	31382
20109	49477
20111	29493
20113	41457
20115	35248
20117	46600
20119	45079
20121	42131
20123	43319
20125	34133
20127	35727
20129	52667
20131	48745
20133	32042
20135	44307
20137	39849
20139	31807
20141	44023
20143	33499
20145	35188
20147	44602
20149	36131
20151	44612
20153	64186
20155	33642
20157	37939
20159	31654
20161	46890
20163	37250
20165	37344
20167	36274
20169	39910
20171	37867
20173	38653
20175	30619
20177	38913
20179	61365
20181	50602
20183	45628
20185	43747
20187	45210
20189	39294
20191	39651
20193	43302
20195	37752
20197	34429
20199	65411
20201	39424
20203	45603
20205	32535
20207	28461
20209	28836
21000	33989
21001	25525
21003	28088
21005	31048
21007	36228
21009	29128
21011	24925
21013	25656
21015	35704
21017	30504
21019	33405
21021	30686
21023	30499
21025	28088
21027	27404
21029	30533
21031	26519
21033	30328
21035	29889
21037	37531
21039	32236
21041	31945
21043	25297
21045	24495
21047	32061
21049	33660
21051	24205
21053	26424
21055	28682
21057	26104
21059	35246
21061	25668
21063	19426
21065	24043
21067	39950
21069	24700
21071	31270
21073	36091
21075	30749
21077	26547
21079	26144
21081	29743
21083	29429
21085	25329
21087	26421
21089	36391
21091	30440
21093	38880
21095	28221
21097	28778
21099	25092
21101	32311
21103	30890
21105	38035
21107	32099
21109	20923
21111	41828
21113	31544
21115	27763
21117	40219
21119	27426
21121	25949
21123	36474
21125	27082
21127	26603
21129	23118
21131	28852
21133	28942
21135	21251
21137	25212
21139	32672
21141	31530
21143	28634
21145	39872
21147	20842
21149	32674
21151	28677
21153	24606
21155	27671
21157	33315
21159	26109
21161	31158
21163	39065
21165	22752
21167	29945
21169	22574
21171	25677
21173	27696
21175	22309
21177	28429
21179	33071
21181	28332
21183	29387
21185	44660
21187	26405
21189	24593
21191	27961
21193	31458
21195	32694
21197	26527
21199	29043
21201	26029
21203	23865
21205	25953
21207	28137
21209	34376
21211	35173
21213	31596
21215	34806
21217	28837
21219	27761
21221	37352
21223	23461
21225	35767
21227	32025
21229	27502
21231	23020
21233	32258
21235	29500
21237	22829
21239	41755
22000	38549
22001	32883
22003	23979
22005	41388
22007	36324
22009	30479
22011	29705
22013	30545
22015	36697
22017	40810
22019	36366
22021	29025
22023	35114
22025	30655
22027	29515
22029	26936
22031	30417
22033	41974
22035	31676
22037	33974
22039	28704
22041	28881
22043	25596
22045	37805
22047	32040
22049	28722
22051	44821
22053	31311
22055	47060
22057	45437
22059	30066
22061	31256
22063	31832
22065	25709
22067	29775
22069	30307
22071	42542
22073	34256
22075	39919
22077	36650
22079	38624
22081	30084
22083	31005
22085	28547
22087	34958
22089	37491
22091	34856
22093	32266
22095	36548
22097	34881
22099	31989
22101	37462
22103	47508
22105	31732
22107	38622
22109	39764
22111	31051
22113	30998
22115	43887
22117	27527
22119	34292
22121	37160
22123	23753
22125	27474
22127	30005
23000	38299
23001	36192
23003	32038
23005	47015
23007	30757
23009	38542
23011	36958
23013	38777
23015	40534
23017	30999
23019	33940
23021	32189
23023	41044
23025	31538
23027	32416
23029	32738
23031	40124
24000	50656
24001	32855
24003	56270
24005	50926
24009	47483
24011	32819
24013	45507
24015	39689
24017	44778
24019	34771
24021	46610
24023	38463
24025	49329
24027	66300
24029	44489
24031	69762
24033	40215
24035	49605
24037	44849
24039	28387
24041	55721
24043	37008
24045	34985
24047	43987
24510	42036
25000	53471
25001	55465
25003	44483
25005	41884
25007	60075
25009	53209
25011	42588
25013	39677
25015	39664
25017	62324
25019	75947
25021	66806
25023	50968
25025	55472
25027	45548
26001	29209
26003	25518
26005	33565
26007	33612
26009	32587
26011	30335
26013	25943
26015	33268
26017	33737
26019	31079
26021	35830
26023	28098
26025	33541
26027	35027
26029	36361
26031	29533
26033	26977
26035	28297
26037	35926
26039	27501
26041	32175
26043	37594
26045	33655
26047	39842
26049	31057
26051	26853
26053	29454
26055	36894
26057	30647
26059	28481
26061	27169
26063	40336
26065	34450
26067	26781
26069	28245
26071	33002
26073	27960
26075	31396
26077	35933
26079	27137
26081	36589
26083	36886
26085	27668
26087	31825
26089	43978
26091	32611
26093	40677
26095	24492
26097	33675
26099	35717
26101	29901
26103	32555
26105	31659
26107	27328
26109	31871
26111	43446
26113	26591
26115	35647
26117	25160
26119	27993
26121	29766
26123	28371
26125	53297
26127	31836
26129	27435
26131	29514
26133	26782
26135	25348
26137	30030
26139	33777
26141	29450
26143	29948
26145	32007
26147	33459
26149	29826
26151	32193
26153	30598
26155	29422
26157	28341
26159	31013
26161	40821
26163	34012
26165	27661
27000	44560
27001	30949
27003	39850
27005	36998
27007	31834
27009	34270
27011	39621
27013	36808
27015	39204
27017	31902
27019	57830
27021	37649
27023	46031
27025	35160
27027	35448
27029	29583
27031	41004
27033	43027
27035	33640
27037	46299
27039	38067
27041	37703
27043	46913
27045	38185
27047	39052
27049	42377
27051	40436
27053	57476
27055	40554
27057	32013
27059	36544
27061	33604
27063	49666
27065	30917
27067	42769
27069	43914
27071	35855
27073	47448
27075	41505
27077	33091
27079	37608
27081	41559
27083	40343
27085	36359
27087	30580
27089	41968
27091	45532
27093	35304
27095	28941
27097	33985
27099	40268
27101	50384
27103	38630
27105	41549
27107	42495
27109	45721
27111	36781
27113	42781
27115	28707
27117	43131
27119	38824
27121	43039
27123	45365
27125	35695
27127	42779
27129	42832
27131	32631
27133	45457
27135	40638
27137	38059
27139	45400
27141	33474
27143	39205
27145	35504
27147	39554
27149	43547
27151	39923
27153	30838
27155	46368
27157	39457
27159	30456
27161	38159
27163	49523
27165	39074
27167	42437
27169	35049
27171	37196
27173	42986
28000	32000
28001	32709
28003	27844
28005	28802
28007	26452
28009	22063
28011	32106
28013	26712
28015	34634
28017	28711
28019	25845
28021	27804
28023	26603
28025	29417
28027	32607
28029	24552
28031	28192
28033	33737
28035	30198
28037	26564
28039	25477
28041	22950
28043	30231
28045	33515
28047	35878
28049	35473
28051	27815
28053	28808
28055	43298
28057	29915
28059	35748
28061	28754
28063	25373
28065	27030
28067	33432
28069	27363
28071	32345
28073	34386
28075	32582
28077	30941
28079	24224
28081	34432
28083	30888
28085	27516
28087	33905
28089	50233
28091	28384
28093	26236
28095	28516
28097	28464
28099	33776
28101	27802
28103	25904
28105	28340
28107	27658
28109	28453
28111	22981
28113	27361
28115	26798
28117	24871
28119	28582
28121	36317
28123	26026
28125	31188
28127	31689
28129	25192
28131	28199
28133	26969
28135	25187
28137	28643
28139	26657
28141	24681
28143	30943
28145	28858
28147	24971
28149	36792
28151	31412
28153	27555
28155	25098
28157	24685
28159	26491
28161	30303
28163	26280
29000	37969
29001	27321
29003	44465
29005	41250
29007	31899
29009	30278
29011	28823
29013	32429
29015	28794
29017	26746
29019	37409
29021	33732
29023	34612
29025	36370
29027	28697
29029	32827
29031	35792
29033	36552
29035	25973
29037	35244
29039	26954
29041	38985
29043	32014
29045	31779
29047	38213
29049	35628
29051	40147
29053	30790
29055	30648
29057	26265
29059	28709
29061	29450
29063	24697
29065	28436
29067	25460
29069	31855
29071	35811
29073	31594
29075	34887
29077	35429
29079	31707
29081	31304
29083	32287
29085	22819
29087	36631
29089	36385
29091	27555
29093	27272
29095	40564
29097	29709
29099	34681
29101	29639
29103	31360
29105	27424
29107	37831
29109	26896
29111	29094
29113	30310
29115	32343
29117	32776
29119	24849
29121	31164
29123	27258
29125	31954
29127	34200
29129	27364
29131	27262
29133	27683
29135	32019
29137	31604
29139	31609
29141	29580
29143	32065
29145	34854
29147	27114
29149	24768
29151	35100
29153	25491
29155	33937
29157	30747
29159	31806
29161	31287
29163	29756
29165	44561
29167	27154
29169	41655
29171	28131
29173	33785
29175	32687
29177	36311
29179	26915
29181	25807
29183	41257
29185	27128
29186	33652
29187	27886
29189	52783
29195	37154
29197	25902
29199	29645
29201	36219
29203	22152
29205	34336
29207	33574
29209	33231
29211	33965
29213	27214
29215	24362
29217	31011
29219	33708
29221	25481
29223	25778
29225	27266
29227	29600
29229	24580
29510	37232
30000	36016
30001	33476
30003	26805
30005	28380
30007	28067
30009	35892
30011	28451
30013	39448
30015	36262
30017	34680
30019	49635
30021	33016
30023	29234
30025	41468
30027	34428
30029	35875
30031	36735
30033	29842
30035	29900
30037	40629
30039	31808
30041	38444
30043	39223
30045	38102
30047	27536
30049	38890
30051	36590
30053	27978
30055	33118
30057	35821
30059	32421
30061	27895
30063	35190
30065	30830
30067	35935
30069	32699
30071	34455
30073	38174
30075	28737
30077	27022
30079	33206
30081	30955
30083	51183
30085	29318
30087	36846
30089	26061
30091	43298
30093	38666
30095	36866
30097	28862
30099	40181
30101	42122
30103	37003
30105	39153
30107	31128
30109	23622
30111	39640
31000	42450
31001	39483
31003	61552
31005	33343
31007	56545
31009	41044
31011	53006
31013	38572
31015	45714
31017	38447
31019	38327
31021	43196
31023	47805
31025	41991
31027	54235
31029	43040
31031	39813
31033	46811
31035	50910
31037	38217
31039	51821
31041	44511
31043	29320
31045	31015
31047	33320
31049	35962
31051	35926
31053	38292
31055	47008
31057	57082
31059	57011
31061	44576
31063	48963
31065	45679
31067	40942
31069	52007
31071	37618
31073	54274
31075	29465
31077	39276
31079	37324
31081	50112
31083	48857
31085	67595
31087	39593
31089	49972
31091	32956
31093	40780
31095	41640
31097	32247
31099	53989
31101	37553
31103	51993
31105	43713
31107	39745
31109	38833
31111	42175
31113	50845
31115	28421
31117	26304
31119	37372
31121	39751
31123	50169
31125	45194
31127	40958
31129	47318
31131	38340
31133	41131
31135	59282
31137	47148
31139	42209
31141	39552
31143	52414
31145	38771
31147	39115
31149	41390
31151	36735
31153	41865
31155	42072
31157	36372
31159	42216
31161	38279
31163	37424
31165	44751
31167	43000
31169	47098
31171	36479
31173	40302
31175	46084
31177	43059
31179	38598
31181	40093
31183	49628
31185	46278
32000	36964
32001	42281
32003	35680
32005	52266
32007	40150
32009	39730
32011	38071
32013	43022
32015	45370
32017	22587
32019	27835
32021	35226
32023	31656
32027	25772
32029	33924
32031	41790
32033	39955
32510	39833
33000	45881
33001	41995
33003	42612
33005	40875
33007	35019
33009	45522
33011	47981
33013	43548
33015	52861
33017	37442
33019	37559
34000	52430
34001	40262
34003	66096
34005	48318
34007	43099
34009	48694
34011	35272
34013	52956
34015	42228
34017	47377
34019	67710
34021	54445
34023	49203
34025	58355
34027	71730
34029	40724
34031	43209
34033	40847
34035	73011
34037	49782
34039	51860
34041	44938
35000	34133
35001	36233
35003	29113
35005	30319
35006	25965
35007	34359
35009	39844
35011	37454
35013	29963
35015	41539
35017	32854
35019	26426
35021	48067
35023	32425
35025	37898
35027	32309
35028	60719
35029	29338
35031	24079
35033	27908
35035	30154
35037	33385
35039	28888
35041	32595
35043	32931
35045	31373
35047	31366
35049	43325
35051	32974
35053	30462
35055	31119
35057	30439
35059	25986
35061	28921
36000	51126
36001	48284
36003	28206
36005	31788
36007	35963
36009	34696
36011	34061
36013	31664
36015	35517
36017	33838
36019	34029
36021	42007
36023	31972
36025	32373
36027	45521
36029	41245
36031	34381
36033	29794
36035	35529
36037	33826
36039	36848
36041	41750
36043	33060
36045	45418
36047	39351
36049	32809
36051	32361
36053	33663
36055	43894
36057	32882
36059	67776
36061	121301
36063	35345
36065	36049
36067	41389
36069	41834
36071	40066
36073	29691
36075	31275
36077	33414
36079	53781
36081	42017
36083	39716
36085	48486
36087	53787
36089	29256
36091	46637
36093	43348
36095	35530
36097	35317
36099	33783
36101	37278
36103	52350
36105	37457
36107	36097
36109	36263
36111	39589
36113	40649
36115	33639
36117	35832
36119	75855
36121	31359
36123	32110
37000	36028
37001	31363
37003	30499
37005	31158
37007	24417
37009	28431
37011	28939
37013	32737
37015	29262
37017	29135
37019	33375
37021	34467
37023	30084
37025	35561
37027	27261
37029	37353
37031	39174
37033	31326
37035	33320
37037	48191
37039	25751
37041	32765
37043	27642
37045	31046
37047	28491
37049	36610
37051	44678
37053	39949
37055	38633
37057	33121
37059	35863
37061	28142
37063	38654
37065	27218
37067	38003
37069	29670
37071	33275
37073	27020
37075	25099
37077	28605
37079	26317
37081	37990
37083	29674
37085	29247
37087	31496
37089	35853
37091	27208
37093	33868
37095	29572
37097	33556
37099	28218
37101	34149
37103	34983
37105	32815
37107	32022
37109	34275
37111	26114
37113	30248
37115	28579
37117	30613
37119	45610
37121	27345
37123	28145
37125	38477
37127	33807
37129	36108
37131	29282
37133	46163
37135	48683
37137	36883
37139	28673
37141	30907
37143	30207
37145	29386
37147	32841
37149	37190
37151	29385
37153	27560
37155	24834
37157	30868
37159	29792
37161	25640
37163	29426
37165	28364
37167	30227
37169	30062
37171	29962
37173	28132
37175	30703
37177	25193
37179	35552
37181	29621
37183	42555
37185	24921
37187	29830
37189	29648
37191	31245
37193	31575
37195	33170
37197	30142
37199	26404
38000	47236
38001	49254
38003	48021
38005	41871
38007	76798
38009	44061
38011	56727
38013	45780
38015	43731
38017	45602
38019	71812
38021	60747
38023	39000
38025	60987
38027	43729
38029	55728
38031	48799
38033	26292
38035	39646
38037	59324
38039	47530
38041	48181
38043	45267
38045	74875
38047	60819
38049	35784
38051	54392
38053	63961
38055	49538
38057	45907
38059	38680
38061	63207
38063	60893
38065	56062
38067	54451
38069	45351
38071	46193
38073	45557
38075	45209
38077	46527
38079	29462
38081	57283
38083	60644
38085	26787
38087	55670
38089	54750
38091	61834
38093	43271
38095	61108
38097	46310
38099	43699
38101	45976
38103	59198
38105	81170
39000	37836
39001	26909
39003	31750
39005	29422
39007	31339
39009	27296
39011	38647
39013	31286
39015	30492
39017	36590
39019	27044
39021	31300
39023	34777
39025	36038
39027	32027
39029	30590
39031	29730
39033	31286
39035	43735
39037	34325
39039	33323
39041	58470
39043	38161
39045	33569
39047	34264
39049	39646
39051	35211
39053	31680
39055	51165
39057	37842
39059	29955
39061	46881
39063	39523
39065	29271
39067	28485
39069	35491
39071	27630
39073	28208
39075	27523
39077	31612
39079	28212
39081	31742
39083	31917
39085	40351
39087	30595
39089	37491
39091	34452
39093	36283
39095	35900
39097	35311
39099	35012
39101	32179
39103	40843
39105	25404
39107	37992
39109	37021
39111	30270
39113	37684
39115	24460
39117	30646
39119	31140
39121	20686
39123	39553
39125	32059
39127	25573
39129	32617
39131	29322
39133	36260
39135	33188
39137	36656
39139	30714
39141	30110
39143	33170
39145	28888
39147	31506
39149	33980
39151	35330
39153	41135
39155	31826
39157	30337
39159	35851
39161	36207
39163	25029
39165	42818
39167	33785
39169	30765
39171	33278
39173	37190
39175	33865
40000	37679
40001	22364
40003	31281
40005	26926
40007	39679
40009	36616
40011	31914
40013	28891
40015	27785
40017	39501
40019	37462
40021	29135
40023	28261
40025	40446
40027	36275
40029	27568
40031	36985
40033	35436
40035	30870
40037	32787
40039	36300
40041	30595
40043	38370
40045	40112
40047	39803
40049	34929
40051	30979
40053	38867
40055	27442
40057	29627
40059	32965
40061	30752
40063	27480
40065	32331
40067	27564
40069	27730
40071	35894
40073	38596
40075	29867
40077	32434
40079	27423
40081	29695
40083	38467
40085	39308
40087	43239
40089	28209
40091	29949
40093	37922
40095	27278
40097	28643
40099	35796
40101	31639
40103	30858
40105	29210
40107	23822
40109	42480
40111	29574
40113	35513
40115	32179
40117	30823
40119	32356
40121	33191
40123	34445
40125	33366
40127	28790
40129	36470
40131	36826
40133	30602
40135	27649
40137	38344
40139	34214
40141	24853
40143	46804
40145	33686
40147	44131
40149	31487
40151	35404
40153	41287
41000	37527
41001	30608
41003	38677
41005	45915
41007	35021
41009	33907
41011	32443
41013	30496
41015	31907
41017	37084
41019	31222
41021	36126
41023	30473
41025	28862
41027	35441
41029	34602
41031	27875
41033	30103
41035	29961
41037	32193
41039	34561
41041	34228
41043	30083
41045	24892
41047	33841
41049	38029
41051	41658
41053	31437
41055	55157
41057	34194
41059	30701
41061	32033
41063	34098
41065	34878
41067	42639
41069	28780
41071	33980
42000	42291
42001	33360
42003	48812
42005	34094
42007	38025
42009	31564
42011	37675
42013	34511
42015	33462
42017	54609
42019	43876
42021	32810
42023	33642
42025	32394
42027	35347
42029	59467
42031	32931
42033	32181
42035	31912
42037	31025
42039	31485
42041	42552
42043	41067
42045	49795
42047	36472
42049	34721
42051	33527
42053	24014
42055	34277
42057	31808
42059	35499
42061	29108
42063	34613
42065	32959
42067	31385
42069	38171
42071	37535
42073	33475
42075	38489
42077	40890
42079	36441
42081	35283
42083	34171
42085	33136
42087	30017
42089	31566
42091	64718
42093	41632
42095	39078
42097	33328
42099	34367
42101	39041
42103	35523
42105	32120
42107	32744
42109	31031
42111	33549
42113	31566
42115	30975
42117	30100
42119	31721
42121	33628
42123	33268
42125	46237
42127	32431
42129	41510
42131	32275
42133	37380
44000	43875
44001	54919
44003	46167
44005	52038
44007	40268
44009	49057
45000	33388
45001	27169
45003	35141
45005	26164
45007	31059
45009	25818
45011	26064
45013	41662
45015	33184
45017	34431
45019	41656
45021	26856
45023	28237
45025	24554
45027	24431
45029	29311
45031	29355
45033	23616
45035	33468
45037	33615
45039	27062
45041	34450
45043	38403
45045	37689
45047	30398
45049	27235
45051	29148
45053	26896
45055	33331
45057	26302
45059	29609
45061	26379
45063	35211
45065	27509
45067	26397
45069	24156
45071	29697
45073	31964
45075	28965
45077	27833
45079	36347
45081	34544
45083	31670
45085	29915
45087	26859
45089	27263
45091	34053
46000	44217
46003	59097
46005	48057
46007	33701
46009	39568
46011	40730
46013	50274
46015	50823
46017	30829
46019	31109
46021	62956
46023	40120
46025	54145
46027	43106
46029	41322
46031	39189
46033	35985
46035	44148
46037	45836
46039	47677
46041	39922
46043	59215
46045	64239
46047	39056
46049	61877
46051	45356
46053	48358
46055	65465
46057	41566
46059	58614
46061	59943
46063	48673
46065	46451
46067	52872
46069	65902
46071	31408
46073	65209
46075	60021
46077	57149
46079	46426
46081	34799
46083	55556
46085	51747
46087	49806
46089	44401
46091	47600
46093	39801
46095	39117
46097	51271
46099	41724
46101	52743
46103	41655
46105	37915
46107	70706
46109	37921
46111	49527
46113	21451
46115	71305
46117	49052
46119	116067
46121	24401
46123	50169
46125	52458
46127	64557
46129	40035
46135	38458
46137	27912
47000	36567
47001	36289
47003	30832
47005	28199
47007	24087
47009	31995
47011	31687
47013	27965
47015	30217
47017	31057
47019	27962
47021	33268
47023	28057
47025	27764
47027	27358
47029	25696
47031	33998
47033	32309
47035	29871
47037	47318
47039	33739
47041	30692
47043	30887
47045	32333
47047	43579
47049	28142
47051	29579
47053	30436
47055	29929
47057	28567
47059	32331
47061	25788
47063	30034
47065	40007
47067	20079
47069	26505
47071	33038
47073	28610
47075	31710
47077	27496
47079	30629
47081	24065
47083	29690
47085	31566
47087	30621
47089	28742
47091	24806
47093	38894
47095	20253
47097	23033
47099	26093
47101	24344
47103	32021
47105	37698
47107	28598
47109	26771
47111	28353
47113	35315
47115	32107
47117	25647
47119	31498
47121	29118
47123	26428
47125	43485
47127	34213
47129	24803
47131	32372
47133	25514
47135	27268
47137	26376
47139	27412
47141	31362
47143	27027
47145	35142
47147	33699
47149	32404
47151	23516
47153	31791
47155	32065
47157	40763
47159	31878
47161	33477
47163	35000
47165	36698
47167	34959
47169	37583
47171	30910
47173	25662
47175	27573
47177	27396
47179	35215
47181	22178
47183	29679
47185	25274
47187	59399
47189	38461
48000	40147
48001	28966
48003	39435
48005	33423
48007	42512
48009	45689
48011	43129
48013	30238
48015	39374
48017	35115
48019	36390
48021	28473
48023	36307
48025	26697
48027	40222
48029	36177
48031	47043
48033	40693
48035	32431
48037	35360
48039	38677
48041	29045
48043	39139
48045	27769
48047	30423
48049	32136
48051	34291
48053	40734
48055	25577
48057	32413
48059	33412
48061	23236
48063	33828
48065	38854
48067	32899
48069	48285
48071	48969
48073	28923
48075	22754
48077	43795
48079	33329
48081	32525
48083	33007
48085	52419
48087	31836
48089	39030
48091	44519
48093	36476
48095	22631
48097	45765
48099	36932
48101	35709
48103	36362
48105	35950
48107	31281
48109	30522
48111	43556
48113	45402
48115	26625
48117	35880
48119	31187
48121	42371
48123	34727
48125	27118
48127	34379
48129	36670
48131	35227
48133	51520
48135	38385
48137	33662
48139	34885
48141	30088
48143	31532
48145	28073
48147	29708
48149	39970
48151	34088
48153	35673
48155	33685
48157	48545
48159	33141
48161	31573
48163	25836
48165	28934
48167	43444
48169	29245
48171	47550
48173	32256
48175	29735
48177	31270
48179	38903
48181	33404
48183	43222
48185	31418
48187	37157
48189	28120
48191	23662
48193	35367
48195	51525
48197	31356
48199	38882
48201	48935
48203	41371
48205	48920
48207	28444
48209	32700
48211	58261
48213	31891
48215	21620
48217	32266
48219	37566
48221	40740
48223	32766
48225	30225
48227	31781
48229	29923
48231	31736
48233	37298
48235	54975
48237	37903
48239	33937
48241	32797
48243	35273
48245	38712
48247	37442
48249	39800
48251	33269
48253	26734
48255	27377
48257	33901
48259	57707
48261	51037
48263	31367
48265	42572
48267	37017
48269	62071
48271	30579
48273	33734
48275	32652
48277	33092
48279	29840
48281	48898
48283	27326
48285	37793
48287	38172
48289	35114
48291	34353
48293	30421
48295	42451
48297	36016
48299	37212
48301	51309
48303	34644
48305	25406
48307	39026
48309	33943
48311	52810
48313	25625
48315	30771
48317	32061
48319	35561
48321	33287
48323	22188
48325	32638
48327	30157
48329	65173
48331	32003
48333	35690
48335	25002
48337	40161
48339	48508
48341	34060
48343	34904
48345	35515
48347	29441
48349	33112
48351	28040
48353	32914
48355	38441
48357	43016
48359	45718
48361	38163
48363	33497
48365	39654
48367	41914
48369	40057
48371	29912
48373	37950
48375	33714
48377	28209
48379	30131
48381	40001
48383	37180
48385	30296
48387	31664
48389	23505
48391	39958
48393	50759
48395	35859
48397	51116
48399	29355
48401	30821
48403	31382
48405	28703
48407	31607
48409	38087
48411	31384
48413	33136
48415	37970
48417	51496
48419	31737
48421	57622
48423	38515
48425	36809
48427	19235
48429	40449
48431	35840
48433	40298
48435	79103
48437	36463
48439	40965
48441	37132
48443	46475
48445	30313
48447	48144
48449	28542
48451	37279
48453	43198
48455	28395
48457	29607
48459	35663
48461	45030
48463	32404
48465	30702
48467	33942
48469	42452
48471	25508
48473	29320
48475	38699
48477	44229
48479	24985
48481	35556
48483	44463
48485	35477
48487	34571
48489	26462
48491	40067
48493	34810
48495	35493
48497	35494
48499	31575
48501	41060
48503	39998
48505	25162
48507	20926
49000	33509
49001	29994
49003	30148
49005	27631
49007	32886
49009	28746
49011	34755
49013	36725
49015	32391
49017	27206
49019	34402
49021	23541
49023	24351
49025	31779
49027	29669
49029	33278
49031	24904
49033	31286
49035	39081
49037	22325
49039	21956
49041	26716
49043	72643
49045	27748
49047	31278
49049	25870
49051	27442
49053	27159
49055	27334
49057	33344
50000	41572
50001	38624
50003	41502
50005	33973
50007	44715
50009	26433
50011	41088
50013	43433
50015	41237
50017	36309
50019	35812
50021	41233
50023	44190
50025	40487
50027	44894
51000	46107
51001	33368
51007	34892
51009	30120
51011	30992
51013	82491
51017	38375
51021	30495
51023	42560
51025	27208
51027	32662
51029	24722
51033	36160
51036	32755
51037	27678
51041	44198
51043	41366
51045	31500
51047	35850
51049	30459
51051	30306
51057	33734
51061	54400
51063	28260
51065	36507
51067	32626
51071	30123
51073	38886
51075	63540
51077	24651
51079	38073
51083	29698
51085	45832
51087	44529
51091	36272
51093	42883
51097	33018
51099	40586
51101	38882
51103	48607
51105	28553
51107	57242
51109	41096
51111	26630
51113	36389
51115	52738
51117	30911
51119	41036
51125	39862
51127	36705
51131	36011
51133	41936
51135	30664
51137	34884
51139	29479
51141	26156
51145	43860
51147	22457
51155	32947
51157	43172
51159	26941
51167	28811
51169	27942
51171	32652
51173	28669
51179	41917
51181	34860
51183	29736
51185	33203
51187	39289
51193	36557
51197	29035
51510	78383
51550	42504
51650	40001
51700	34752
51710	36873
51740	37583
51760	43239
51770	40215
51800	39279
51810	46799
51901	47052
51903	33513
51907	34442
51909	38595
51911	32008
51913	29698
51918	37994
51919	69008
51921	37382
51923	24158
51929	30097
51931	52228
51933	28668
51939	31297
51941	38924
51942	44986
51944	40688
51945	32028
51947	31324
51949	31313
51951	40893
51953	33851
51955	32805
51958	47564
53000	43878
53001	31704
53003	35230
53005	39700
53007	37619
53009	36138
53011	37695
53013	39259
53015	32607
53017	30500
53019	26353
53021	29711
53023	35999
53025	30999
53027	30355
53029	38268
53031	41920
53033	57837
53035	42580
53037	33031
53039	38529
53041	31192
53043	35466
53045	30345
53047	35409
53049	32648
53051	30561
53053	40992
53055	52439
53057	38543
53059	33877
53061	43281
53063	35940
53065	28559
53067	41251
53069	32301
53071	35276
53073	38098
53075	30379
53077	33371
54000	33403
54001	26109
54003	31696
54005	28912
54007	26224
54009	31037
54011	34079
54013	23003
54015	23708
54017	20412
54019	29277
54021	22482
54023	30162
54025	32130
54027	24634
54029	30670
54031	26356
54033	38703
54035	26624
54037	38127
54039	42704
54041	35075
54043	24722
54045	33665
54047	27360
54049	36338
54051	36275
54053	26167
54055	32656
54057	31733
54059	30862
54061	37632
54063	27200
54065	31830
54067	31088
54069	37969
54071	31013
54073	31718
54075	30446
54077	28197
54079	40617
54081	36852
54083	30623
54085	29152
54087	25142
54089	24629
54091	27030
54093	28837
54095	26470
54097	29288
54099	29361
54101	24896
54103	31194
54105	22699
54107	32666
54109	29106
55000	39575
55001	33340
55003	32283
55005	33083
55007	33364
55009	39493
55011	40436
55013	34372
55015	43473
55017	34375
55019	30541
55021	40580
55023	32425
55025	46916
55027	35086
55029	42359
55031	31478
55033	32426
55035	37203
55037	35870
55039	36897
55041	31394
55043	33569
55045	38324
55047	37961
55049	38940
55051	36856
55053	34383
55055	35016
55057	29559
55059	35766
55061	38207
55063	37796
55065	34927
55067	34223
55069	33463
55071	38519
55073	37214
55075	34881
55077	30105
55078	26087
55079	38881
55081	33402
55083	36508
55085	38440
55087	38400
55089	60615
55091	36229
55093	33989
55095	33145
55097	35585
55099	34115
55101	38425
55103	31902
55105	33305
55107	27299
55109	39734
55111	36782
55113	34331
55115	32911
55117	39910
55119	29588
55121	34761
55123	30094
55125	35018
55127	34830
55129	33312
55131	45159
55133	54847
55135	36867
55137	30457
55139	38444
55141	39172
56000	47898
56001	36864
56003	33682
56005	47584
56007	41165
56009	45582
56011	43877
56013	39389
56015	34648
56017	43615
56019	40786
56021	46882
56023	37739
56025	54108
56027	42410
56029	45799
56031	44020
56033	50803
56035	62557
56037	51860
56039	95861
56041	41833
56043	41837
56045	49320
